,,Classifier,,,
,,5e-05,0.0017,0.00335,0.005
Bert,5e-06,0.963265306,0.9510204081632653,0.963265306,0.5020408163265306
,0.00017,0.5020408163265306,0.5020408163265306,0.5020408163265306,0.49795918367346936
,0.000335,0.5020408163265306,0.5020408163265306,0.5020408163265306,0.5020408163265306
,0.0005,0.5020408163265306,0.5020408163265306,0.49795918367346936,0.5020408163265306
