,,Classifier,,,
,,5e-05,0.0017,0.00335,0.005
Bert,5e-06,0.5186194368755677,0.46139872842870117,0.4623069936421435,0.4259763851044505
,0.00017,0.26248864668483196,0.26248864668483196,0.26248864668483196,0.20799273387829245
,0.000335,0.26248864668483196,0.26248864668483196,0.26248864668483196,0.26248864668483196
,0.0005,0.26248864668483196,0.20799273387829245,0.25340599455040874,0.26248864668483196
